kind,epoch,batch,total,value,policy,samples
batch,0,1,52882.941406,27.055933,52855.886719,3
epoch,0,0,52882.941406,27.055933,52855.886719,3
batch,1,1,564333.125000,1320.479492,563012.625000,3
epoch,1,0,564333.125000,1320.479492,563012.625000,3
batch,2,1,88959.765625,734.710632,88225.054688,3
epoch,2,0,88959.765625,734.710632,88225.054688,3
batch,3,1,108530.945312,933.889954,107597.054688,3
epoch,3,0,108530.945312,933.889954,107597.054688,3
batch,4,1,119258.335938,1236.675537,118021.664062,3
epoch,4,0,119258.335938,1236.675537,118021.664062,3
batch,5,1,192428.296875,1319.422729,191108.875000,3
epoch,5,0,192428.296875,1319.422729,191108.875000,3
batch,6,1,103829.210938,504.674561,103324.539062,3
epoch,6,0,103829.210938,504.674561,103324.539062,3
batch,7,1,137556.343750,697.258972,136859.078125,5
epoch,7,0,137556.343750,697.258972,136859.078125,5
batch,8,1,353908.937500,1316.732300,352592.218750,3
epoch,8,0,353908.937500,1316.732300,352592.218750,3
batch,9,1,165560.515625,1315.840454,164244.671875,3
epoch,9,0,165560.515625,1315.840454,164244.671875,3
batch,10,1,373378.031250,1315.284912,372062.750000,3
epoch,10,0,373378.031250,1315.284912,372062.750000,3
batch,11,1,45221.476562,445.834106,44775.640625,3
epoch,11,0,45221.476562,445.834106,44775.640625,3
batch,12,1,131712.109375,786.823364,130925.289062,5
epoch,12,0,131712.109375,786.823364,130925.289062,5
batch,13,1,155147.265625,1307.707642,153839.562500,3
epoch,13,0,155147.265625,1307.707642,153839.562500,3
batch,14,1,103127.367188,1225.658325,101901.710938,3
epoch,14,0,103127.367188,1225.658325,101901.710938,3
batch,15,1,55747.492188,547.289612,55200.203125,3
epoch,15,0,55747.492188,547.289612,55200.203125,3
batch,16,1,126109.531250,1300.347168,124809.187500,3
epoch,16,0,126109.531250,1300.347168,124809.187500,3
batch,17,1,13379.248047,1.234560,13378.013672,2
epoch,17,0,13379.248047,1.234560,13378.013672,2
batch,18,1,126960.046875,1291.972900,125668.070312,3
epoch,18,0,126960.046875,1291.972900,125668.070312,3
batch,19,1,11194.425781,1.157215,11193.268555,2
epoch,19,0,11194.425781,1.157215,11193.268555,2
batch,20,1,53065.746094,1288.666748,51777.078125,3
epoch,20,0,53065.746094,1288.666748,51777.078125,3
batch,21,1,26964.234375,0.988697,26963.246094,2
epoch,21,0,26964.234375,0.988697,26963.246094,2
batch,22,1,13028.084961,0.956284,13027.128906,2
epoch,22,0,13028.084961,0.956284,13027.128906,2
batch,23,1,16186.692383,1283.790649,14902.901367,3
epoch,23,0,16186.692383,1283.790649,14902.901367,3
batch,24,1,19767.031250,1283.064087,18483.966797,3
epoch,24,0,19767.031250,1283.064087,18483.966797,3
batch,25,1,16299.580078,1282.969849,15016.610352,3
epoch,25,0,16299.580078,1282.969849,15016.610352,3
batch,26,1,24157.207031,23.426107,24133.781250,3
epoch,26,0,24157.207031,23.426107,24133.781250,3
batch,27,1,19639.798828,300.923981,19338.875000,3
epoch,27,0,19639.798828,300.923981,19338.875000,3
batch,28,1,31935.375000,1282.114868,30653.259766,3
epoch,28,0,31935.375000,1282.114868,30653.259766,3
batch,29,1,18699.394531,162.069839,18537.324219,3
epoch,29,0,18699.394531,162.069839,18537.324219,3
batch,30,1,16990.046875,1282.112427,15707.933594,3
epoch,30,0,16990.046875,1282.112427,15707.933594,3
batch,31,1,24759.929688,812.655579,23947.273438,5
epoch,31,0,24759.929688,812.655579,23947.273438,5
batch,32,1,28659.083984,1122.186035,27536.898438,3
epoch,32,0,28659.083984,1122.186035,27536.898438,3
batch,33,1,27968.863281,1.066349,27967.796875,4
epoch,33,0,27968.863281,1.066349,27967.796875,4
batch,34,1,18376.917969,162.045273,18214.873047,3
epoch,34,0,18376.917969,162.045273,18214.873047,3
batch,35,1,29354.460938,769.653687,28584.806641,5
epoch,35,0,29354.460938,769.653687,28584.806641,5
batch,36,1,20313.564453,482.050812,19831.513672,3
epoch,36,0,20313.564453,482.050812,19831.513672,3
batch,37,1,18626.679688,1282.062012,17344.617188,3
epoch,37,0,18626.679688,1282.062012,17344.617188,3
batch,38,1,27893.523438,1122.049561,26771.474609,3
epoch,38,0,27893.523438,1122.049561,26771.474609,3
batch,39,1,34826.718750,1282.056030,33544.664062,3
epoch,39,0,34826.718750,1282.056030,33544.664062,3
batch,40,1,18774.312500,1282.033813,17492.279297,3
epoch,40,0,18774.312500,1282.033813,17492.279297,3
batch,41,1,15773.191406,432.720062,15340.471680,3
epoch,41,0,15773.191406,432.720062,15340.471680,3
batch,42,1,25759.839844,902.053223,24857.787109,3
epoch,42,0,25759.839844,902.053223,24857.787109,3
batch,43,1,35252.792969,859.424011,34393.367188,5
epoch,43,0,35252.792969,859.424011,34393.367188,5
batch,44,1,25911.042969,810.336853,25100.707031,5
epoch,44,0,25911.042969,810.336853,25100.707031,5
batch,45,1,18403.767578,1.066940,18402.701172,2
epoch,45,0,18403.767578,1.066940,18402.701172,2
batch,46,1,21257.332031,768.762756,20488.568359,3
epoch,46,0,21257.332031,768.762756,20488.568359,3
batch,47,1,16671.707031,1.052654,16670.654297,2
epoch,47,0,16671.707031,1.052654,16670.654297,2
batch,48,1,17353.009766,1.014534,17351.996094,2
epoch,48,0,17353.009766,1.014534,17351.996094,2
batch,49,1,26245.984375,6.556782,26239.427734,3
epoch,49,0,26245.984375,6.556782,26239.427734,3
batch,0,1,22720.111328,9.218421,22710.892578,1
epoch,0,0,22720.111328,9.218421,22710.892578,1
batch,1,1,265268.625000,1328.999023,263939.625000,3
epoch,1,0,265268.625000,1328.999023,263939.625000,3
batch,2,1,216893.828125,1245.561401,215648.265625,3
epoch,2,0,216893.828125,1245.561401,215648.265625,3
batch,3,1,287813.468750,1328.098389,286485.375000,3
epoch,3,0,287813.468750,1328.098389,286485.375000,3
batch,4,1,14799.734375,65.381805,14734.352539,4
epoch,4,0,14799.734375,65.381805,14734.352539,4
batch,5,1,373014.812500,1327.963013,371686.843750,3
epoch,5,0,373014.812500,1327.963013,371686.843750,3
batch,6,1,323906.593750,1327.925415,322578.656250,3
epoch,6,0,323906.593750,1327.925415,322578.656250,3
batch,7,1,224968.671875,1327.526123,223641.140625,3
epoch,7,0,224968.671875,1327.526123,223641.140625,3
batch,8,1,355199.593750,1327.355347,353872.250000,3
epoch,8,0,355199.593750,1327.355347,353872.250000,3
batch,9,1,131123.437500,1327.179077,129796.257812,3
epoch,9,0,131123.437500,1327.179077,129796.257812,3
batch,10,1,227795.000000,1325.624146,226469.375000,3
epoch,10,0,227795.000000,1325.624146,226469.375000,3
batch,11,1,202839.890625,1325.079712,201514.812500,3
epoch,11,0,202839.890625,1325.079712,201514.812500,3
batch,12,1,121390.921875,1325.115356,120065.804688,3
epoch,12,0,121390.921875,1325.115356,120065.804688,3
batch,13,1,283612.156250,1322.294067,282289.875000,3
epoch,13,0,283612.156250,1322.294067,282289.875000,3
batch,14,1,198097.515625,1321.285156,196776.234375,3
epoch,14,0,198097.515625,1321.285156,196776.234375,3
batch,15,1,134058.265625,1318.348755,132739.921875,3
epoch,15,0,134058.265625,1318.348755,132739.921875,3
batch,16,1,148419.000000,1316.459839,147102.546875,3
epoch,16,0,148419.000000,1316.459839,147102.546875,3
batch,17,1,71208.835938,1310.048218,69898.789062,3
epoch,17,0,71208.835938,1310.048218,69898.789062,3
batch,18,1,42852.027344,1068.889038,41783.136719,3
epoch,18,0,42852.027344,1068.889038,41783.136719,3
batch,19,1,11789.963867,6.951726,11783.011719,2
epoch,19,0,11789.963867,6.951726,11783.011719,2
batch,20,1,40737.214844,1299.531128,39437.683594,3
epoch,20,0,40737.214844,1299.531128,39437.683594,3
batch,21,1,79319.375000,1296.680298,78022.695312,3
epoch,21,0,79319.375000,1296.680298,78022.695312,3
batch,22,1,45962.035156,1294.774414,44667.261719,3
epoch,22,0,45962.035156,1294.774414,44667.261719,3
batch,23,1,16239.351562,1289.890137,14949.461914,3
epoch,23,0,16239.351562,1289.890137,14949.461914,3
batch,24,1,14386.881836,1288.537231,13098.344727,3
epoch,24,0,14386.881836,1288.537231,13098.344727,3
batch,25,1,36495.773438,39.558929,36456.214844,3
epoch,25,0,36495.773438,39.558929,36456.214844,3
batch,26,1,17713.273438,1287.508423,16425.765625,3
epoch,26,0,17713.273438,1287.508423,16425.765625,3
batch,27,1,20457.080078,1287.310547,19169.769531,3
epoch,27,0,20457.080078,1287.310547,19169.769531,3
batch,28,1,17821.695312,1206.208740,16615.486328,3
epoch,28,0,17821.695312,1206.208740,16615.486328,3
batch,29,1,20715.238281,1287.422119,19427.816406,3
epoch,29,0,20715.238281,1287.422119,19427.816406,3
batch,30,1,31310.615234,8.711743,31301.904297,2
epoch,30,0,31310.615234,8.711743,31301.904297,2
batch,31,1,22250.275391,839.255676,21411.019531,3
epoch,31,0,22250.275391,839.255676,21411.019531,3
batch,32,1,23946.054688,4.647337,23941.408203,4
epoch,32,0,23946.054688,4.647337,23941.408203,4
batch,33,1,28673.751953,1287.257202,27386.494141,3
epoch,33,0,28673.751953,1287.257202,27386.494141,3
batch,34,1,35975.835938,8.755807,35967.082031,2
epoch,34,0,35975.835938,8.755807,35967.082031,2
batch,35,1,25502.748047,1287.293335,24215.455078,3
epoch,35,0,25502.748047,1287.293335,24215.455078,3
batch,36,1,24166.052734,386.117340,23779.935547,3
epoch,36,0,24166.052734,386.117340,23779.935547,3
batch,37,1,43616.898438,69.439011,43547.460938,4
epoch,37,0,43616.898438,69.439011,43547.460938,4
batch,38,1,24930.306641,1287.203003,23643.103516,3
epoch,38,0,24930.306641,1287.203003,23643.103516,3
batch,39,1,31214.964844,776.148621,30438.816406,5
epoch,39,0,31214.964844,776.148621,30438.816406,5
batch,40,1,25190.390625,1287.197632,23903.193359,3
epoch,40,0,25190.390625,1287.197632,23903.193359,3
batch,41,1,25538.662109,533.513367,25005.148438,3
epoch,41,0,25538.662109,533.513367,25005.148438,3
batch,42,1,20133.779297,437.862671,19695.916016,3
epoch,42,0,20133.779297,437.862671,19695.916016,3
batch,43,1,21417.208984,1287.358887,20129.849609,3
epoch,43,0,21417.208984,1287.358887,20129.849609,3
batch,44,1,21928.708984,1287.402100,20641.306641,3
epoch,44,0,21928.708984,1287.402100,20641.306641,3
batch,45,1,18441.814453,1287.206543,17154.607422,3
epoch,45,0,18441.814453,1287.206543,17154.607422,3
batch,46,1,33716.796875,1287.193970,32429.601562,3
epoch,46,0,33716.796875,1287.193970,32429.601562,3
batch,47,1,18285.507812,786.002319,17499.505859,5
epoch,47,0,18285.507812,786.002319,17499.505859,5
batch,48,1,16928.908203,1205.960327,15722.948242,3
epoch,48,0,16928.908203,1205.960327,15722.948242,3
batch,49,1,18775.228516,11.202991,18764.025391,3
epoch,49,0,18775.228516,11.202991,18764.025391,3
batch,50,1,27158.750000,1205.857422,25952.892578,3
epoch,50,0,27158.750000,1205.857422,25952.892578,3
batch,51,1,16173.396484,1287.288086,14886.108398,3
epoch,51,0,16173.396484,1287.288086,14886.108398,3
batch,52,1,38501.253906,807.825500,37693.429688,5
epoch,52,0,38501.253906,807.825500,37693.429688,5
batch,53,1,14686.210938,1287.201782,13399.008789,3
epoch,53,0,14686.210938,1287.201782,13399.008789,3
batch,54,1,16077.109375,1287.309448,14789.799805,3
epoch,54,0,16077.109375,1287.309448,14789.799805,3
batch,55,1,16532.496094,1287.308716,15245.187500,3
epoch,55,0,16532.496094,1287.308716,15245.187500,3
batch,56,1,18455.744141,679.869263,17775.875000,5
epoch,56,0,18455.744141,679.869263,17775.875000,5
batch,57,1,14218.760742,1287.307495,12931.453125,3
epoch,57,0,14218.760742,1287.307495,12931.453125,3
batch,58,1,13112.563477,593.992920,12518.570312,3
epoch,58,0,13112.563477,593.992920,12518.570312,3
batch,59,1,12946.601562,391.254303,12555.347656,3
epoch,59,0,12946.601562,391.254303,12555.347656,3
batch,60,1,13194.409180,1287.228516,11907.180664,3
epoch,60,0,13194.409180,1287.228516,11907.180664,3
batch,61,1,15081.422852,1051.154053,14030.268555,3
epoch,61,0,15081.422852,1051.154053,14030.268555,3
batch,62,1,14749.965820,8.638951,14741.327148,2
epoch,62,0,14749.965820,8.638951,14741.327148,2
batch,63,1,18376.474609,1287.257935,17089.216797,3
epoch,63,0,18376.474609,1287.257935,17089.216797,3
batch,64,1,17882.101562,1287.199585,16594.902344,3
epoch,64,0,17882.101562,1287.199585,16594.902344,3
batch,65,1,24582.515625,1287.306152,23295.208984,3
epoch,65,0,24582.515625,1287.306152,23295.208984,3
batch,66,1,13161.085938,977.842712,12183.243164,3
epoch,66,0,13161.085938,977.842712,12183.243164,3
batch,67,1,14713.519531,487.323975,14226.195312,3
epoch,67,0,14713.519531,487.323975,14226.195312,3
batch,68,1,15289.643555,8.854084,15280.789062,2
epoch,68,0,15289.643555,8.854084,15280.789062,2
batch,69,1,25932.994141,1287.211304,24645.783203,3
epoch,69,0,25932.994141,1287.211304,24645.783203,3
batch,70,1,12703.655273,1287.285522,11416.370117,3
epoch,70,0,12703.655273,1287.285522,11416.370117,3
batch,71,1,19476.562500,634.284302,18842.277344,5
epoch,71,0,19476.562500,634.284302,18842.277344,5
batch,72,1,13294.529297,1287.190796,12007.338867,3
epoch,72,0,13294.529297,1287.190796,12007.338867,3
batch,73,1,15587.383789,1287.236328,14300.147461,3
epoch,73,0,15587.383789,1287.236328,14300.147461,3
batch,74,1,16484.806641,1287.228760,15197.578125,3
epoch,74,0,16484.806641,1287.228760,15197.578125,3
batch,75,1,20729.738281,727.176208,20002.562500,5
epoch,75,0,20729.738281,727.176208,20002.562500,5
batch,76,1,13293.331055,1205.932495,12087.398438,3
epoch,76,0,13293.331055,1205.932495,12087.398438,3
batch,77,1,13867.017578,1287.302124,12579.715820,3
epoch,77,0,13867.017578,1287.302124,12579.715820,3
batch,78,1,14436.288086,1287.126709,13149.161133,3
epoch,78,0,14436.288086,1287.126709,13149.161133,3
batch,79,1,18446.580078,1205.918091,17240.662109,3
epoch,79,0,18446.580078,1205.918091,17240.662109,3
batch,80,1,15187.317383,1199.052002,13988.265625,3
epoch,80,0,15187.317383,1199.052002,13988.265625,3
batch,81,1,20370.365234,775.918152,19594.447266,5
epoch,81,0,20370.365234,775.918152,19594.447266,5
batch,82,1,18703.695312,773.785828,17929.910156,3
epoch,82,0,18703.695312,773.785828,17929.910156,3
batch,83,1,14523.654297,1287.249512,13236.405273,3
epoch,83,0,14523.654297,1287.249512,13236.405273,3
batch,84,1,14133.571289,651.187317,13482.383789,3
epoch,84,0,14133.571289,651.187317,13482.383789,3
batch,85,1,18596.205078,567.089661,18029.115234,7
epoch,85,0,18596.205078,567.089661,18029.115234,7
batch,86,1,13275.054688,1287.125732,11987.928711,3
epoch,86,0,13275.054688,1287.125732,11987.928711,3
batch,87,1,26616.687500,1287.262939,25329.423828,3
epoch,87,0,26616.687500,1287.262939,25329.423828,3
batch,88,1,13881.854492,8.830194,13873.024414,2
epoch,88,0,13881.854492,8.830194,13873.024414,2
batch,89,1,14324.699219,8.630416,14316.068359,2
epoch,89,0,14324.699219,8.630416,14316.068359,2
batch,90,1,25430.515625,780.734009,24649.781250,5
epoch,90,0,25430.515625,780.734009,24649.781250,5
batch,91,1,12662.292969,1205.880005,11456.413086,3
epoch,91,0,12662.292969,1205.880005,11456.413086,3
batch,92,1,12475.531250,1287.255249,11188.276367,3
epoch,92,0,12475.531250,1287.255249,11188.276367,3
batch,93,1,22472.716797,1287.313110,21185.404297,3
epoch,93,0,22472.716797,1287.313110,21185.404297,3
batch,94,1,15535.552734,1287.096436,14248.456055,3
epoch,94,0,15535.552734,1287.096436,14248.456055,3
batch,95,1,17073.660156,1287.241821,15786.417969,3
epoch,95,0,17073.660156,1287.241821,15786.417969,3
batch,96,1,12291.243164,1287.240601,11004.002930,3
epoch,96,0,12291.243164,1287.240601,11004.002930,3
batch,97,1,15394.083008,679.909546,14714.173828,5
epoch,97,0,15394.083008,679.909546,14714.173828,5
batch,98,1,11622.999023,539.275330,11083.723633,3
epoch,98,0,11622.999023,539.275330,11083.723633,3
batch,99,1,13809.084961,8.685363,13800.399414,2
epoch,99,0,13809.084961,8.685363,13800.399414,2
batch,100,1,17624.574219,1205.940918,16418.632812,3
epoch,100,0,17624.574219,1205.940918,16418.632812,3
batch,101,1,65233.476562,1287.178955,63946.296875,3
epoch,101,0,65233.476562,1287.178955,63946.296875,3
batch,102,1,14320.750000,1287.268066,13033.481445,3
epoch,102,0,14320.750000,1287.268066,13033.481445,3
batch,103,1,18111.328125,775.757629,17335.570312,5
epoch,103,0,18111.328125,775.757629,17335.570312,5
batch,104,1,13080.085938,1287.250122,11792.835938,3
epoch,104,0,13080.085938,1287.250122,11792.835938,3
batch,105,1,13868.576172,773.857727,13094.718750,3
epoch,105,0,13868.576172,773.857727,13094.718750,3
batch,106,1,11968.085938,301.961792,11666.124023,3
epoch,106,0,11968.085938,301.961792,11666.124023,3
batch,107,1,15695.232422,1287.197144,14408.035156,3
epoch,107,0,15695.232422,1287.197144,14408.035156,3
batch,108,1,13061.854492,1287.230347,11774.624023,3
epoch,108,0,13061.854492,1287.230347,11774.624023,3
batch,109,1,12218.394531,1127.175171,11091.219727,3
epoch,109,0,12218.394531,1127.175171,11091.219727,3
batch,110,1,12095.714844,539.227478,11556.487305,3
epoch,110,0,12095.714844,539.227478,11556.487305,3
batch,111,1,17169.849609,1287.220093,15882.629883,3
epoch,111,0,17169.849609,1287.220093,15882.629883,3
batch,112,1,12135.430664,1205.976929,10929.454102,3
epoch,112,0,12135.430664,1205.976929,10929.454102,3
batch,113,1,16800.322266,8.835114,16791.486328,2
epoch,113,0,16800.322266,8.835114,16791.486328,2
batch,114,1,15036.610352,1051.238525,13985.372070,3
epoch,114,0,15036.610352,1051.238525,13985.372070,3
batch,115,1,12559.325195,1287.103882,11272.221680,3
epoch,115,0,12559.325195,1287.103882,11272.221680,3
batch,116,1,14137.297852,1287.153687,12850.144531,3
epoch,116,0,14137.297852,1287.153687,12850.144531,3
batch,117,1,13377.682617,1287.240601,12090.442383,3
epoch,117,0,13377.682617,1287.240601,12090.442383,3
batch,118,1,14583.398438,1287.250000,13296.148438,3
epoch,118,0,14583.398438,1287.250000,13296.148438,3
batch,119,1,16729.410156,1287.261963,15442.147461,3
epoch,119,0,16729.410156,1287.261963,15442.147461,3
batch,120,1,34477.250000,490.791199,33986.457031,7
epoch,120,0,34477.250000,490.791199,33986.457031,7
batch,121,1,15201.752930,1287.163940,13914.588867,3
epoch,121,0,15201.752930,1287.163940,13914.588867,3
batch,122,1,14730.119141,1287.388306,13442.730469,3
epoch,122,0,14730.119141,1287.388306,13442.730469,3
batch,123,1,12046.269531,773.933899,11272.335938,3
epoch,123,0,12046.269531,773.933899,11272.335938,3
batch,124,1,11654.814453,487.218109,11167.596680,3
epoch,124,0,11654.814453,487.218109,11167.596680,3
batch,125,1,18713.445312,1287.179932,17426.265625,3
epoch,125,0,18713.445312,1287.179932,17426.265625,3
batch,126,1,25400.699219,11.707740,25388.992188,3
epoch,126,0,25400.699219,11.707740,25388.992188,3
batch,127,1,55933.082031,1287.281494,54645.800781,3
epoch,127,0,55933.082031,1287.281494,54645.800781,3
batch,128,1,14816.966797,1205.922729,13611.043945,3
epoch,128,0,14816.966797,1205.922729,13611.043945,3
batch,129,1,14568.671875,1287.368530,13281.303711,3
epoch,129,0,14568.671875,1287.368530,13281.303711,3
batch,130,1,18654.914062,801.824036,17853.089844,5
epoch,130,0,18654.914062,801.824036,17853.089844,5
batch,131,1,19127.435547,813.766968,18313.667969,5
epoch,131,0,19127.435547,813.766968,18313.667969,5
batch,132,1,12573.154297,977.882141,11595.272461,3
epoch,132,0,12573.154297,977.882141,11595.272461,3
batch,133,1,14034.721680,1287.175171,12747.546875,3
epoch,133,0,14034.721680,1287.175171,12747.546875,3
batch,134,1,13396.585938,1287.190186,12109.395508,3
epoch,134,0,13396.585938,1287.190186,12109.395508,3
batch,135,1,12274.329102,1127.183594,11147.145508,3
epoch,135,0,12274.329102,1127.183594,11147.145508,3
batch,136,1,17336.677734,21.075117,17315.603516,4
epoch,136,0,17336.677734,21.075117,17315.603516,4
batch,137,1,19832.900391,1287.194946,18545.705078,3
epoch,137,0,19832.900391,1287.194946,18545.705078,3
batch,138,1,13104.665039,1287.206665,11817.458008,3
epoch,138,0,13104.665039,1287.206665,11817.458008,3
batch,139,1,11116.923828,391.059784,10725.864258,3
epoch,139,0,11116.923828,391.059784,10725.864258,3
batch,140,1,19219.714844,775.858521,18443.855469,5
epoch,140,0,19219.714844,775.858521,18443.855469,5
batch,141,1,61389.359375,1205.974243,60183.386719,3
epoch,141,0,61389.359375,1205.974243,60183.386719,3
batch,142,1,16471.142578,437.903595,16033.239258,3
epoch,142,0,16471.142578,437.903595,16033.239258,3
batch,143,1,14175.228516,1287.224487,12888.003906,3
epoch,143,0,14175.228516,1287.224487,12888.003906,3
batch,144,1,16145.921875,8.615857,16137.305664,2
epoch,144,0,16145.921875,8.615857,16137.305664,2
batch,145,1,14851.752930,593.870422,14257.882812,3
epoch,145,0,14851.752930,593.870422,14257.882812,3
batch,146,1,12752.854492,1205.865845,11546.988281,3
epoch,146,0,12752.854492,1205.865845,11546.988281,3
batch,147,1,11077.448242,1287.189087,9790.258789,3
epoch,147,0,11077.448242,1287.189087,9790.258789,3
batch,148,1,12206.919922,391.229156,11815.690430,3
epoch,148,0,12206.919922,391.229156,11815.690430,3
batch,149,1,18315.810547,1127.353271,17188.457031,3
epoch,149,0,18315.810547,1127.353271,17188.457031,3
batch,150,1,14665.239258,8.691127,14656.547852,2
epoch,150,0,14665.239258,8.691127,14656.547852,2
batch,151,1,21107.050781,798.358582,20308.691406,5
epoch,151,0,21107.050781,798.358582,20308.691406,5
batch,152,1,16124.022461,782.676086,15341.346680,5
epoch,152,0,16124.022461,782.676086,15341.346680,5
batch,153,1,17422.416016,1287.103882,16135.312500,3
epoch,153,0,17422.416016,1287.103882,16135.312500,3
batch,154,1,12745.213867,1205.747681,11539.465820,3
epoch,154,0,12745.213867,1205.747681,11539.465820,3
batch,155,1,13115.677734,1287.128418,11828.549805,3
epoch,155,0,13115.677734,1287.128418,11828.549805,3
batch,156,1,16255.415039,1286.988037,14968.426758,3
epoch,156,0,16255.415039,1286.988037,14968.426758,3
batch,157,1,11987.473633,305.899872,11681.574219,3
epoch,157,0,11987.473633,305.899872,11681.574219,3
batch,158,1,16008.831055,780.914673,15227.916016,5
epoch,158,0,16008.831055,780.914673,15227.916016,5
batch,159,1,50253.082031,8.744870,50244.335938,2
epoch,159,0,50253.082031,8.744870,50244.335938,2
batch,160,1,12760.170898,1287.142822,11473.028320,3
epoch,160,0,12760.170898,1287.142822,11473.028320,3
batch,161,1,18484.306641,1287.156128,17197.150391,3
epoch,161,0,18484.306641,1287.156128,17197.150391,3
batch,162,1,18840.214844,1287.147827,17553.066406,3
epoch,162,0,18840.214844,1287.147827,17553.066406,3
batch,163,1,23700.033203,831.371765,22868.662109,5
epoch,163,0,23700.033203,831.371765,22868.662109,5
batch,164,1,14759.050781,686.073730,14072.976562,5
epoch,164,0,14759.050781,686.073730,14072.976562,5
batch,165,1,39275.773438,8.828485,39266.945312,2
epoch,165,0,39275.773438,8.828485,39266.945312,2
batch,166,1,12244.156250,1287.137451,10957.018555,3
epoch,166,0,12244.156250,1287.137451,10957.018555,3
batch,167,1,12239.808594,1205.924561,11033.883789,3
epoch,167,0,12239.808594,1205.924561,11033.883789,3
batch,168,1,16266.827148,1287.306396,14979.520508,3
epoch,168,0,16266.827148,1287.306396,14979.520508,3
batch,169,1,15005.067383,8.666425,14996.401367,2
epoch,169,0,15005.067383,8.666425,14996.401367,2
batch,170,1,18863.609375,167.091461,18696.517578,3
epoch,170,0,18863.609375,167.091461,18696.517578,3
batch,171,1,19958.828125,805.900574,19152.927734,5
epoch,171,0,19958.828125,805.900574,19152.927734,5
batch,172,1,11133.833008,391.054474,10742.778320,3
epoch,172,0,11133.833008,391.054474,10742.778320,3
batch,173,1,14723.173828,1287.181152,13435.992188,3
epoch,173,0,14723.173828,1287.181152,13435.992188,3
batch,174,1,20995.654297,648.667480,20346.986328,5
epoch,174,0,20995.654297,648.667480,20346.986328,5
batch,175,1,13255.681641,1287.158325,11968.523438,3
epoch,175,0,13255.681641,1287.158325,11968.523438,3
batch,176,1,18013.683594,10.625833,18003.058594,5
epoch,176,0,18013.683594,10.625833,18003.058594,5
batch,177,1,16809.226562,780.358765,16028.867188,5
epoch,177,0,16809.226562,780.358765,16028.867188,5
batch,178,1,14370.346680,8.631144,14361.715820,2
epoch,178,0,14370.346680,8.631144,14361.715820,2
batch,179,1,11502.852539,1287.079712,10215.772461,3
epoch,179,0,11502.852539,1287.079712,10215.772461,3
batch,180,1,12844.089844,1287.090454,11556.999023,3
epoch,180,0,12844.089844,1287.090454,11556.999023,3
batch,181,1,12636.299805,1051.083740,11585.215820,3
epoch,181,0,12636.299805,1051.083740,11585.215820,3
batch,182,1,12388.110352,5.769384,12382.340820,3
epoch,182,0,12388.110352,5.769384,12382.340820,3
batch,183,1,17297.775391,267.186737,17030.587891,3
epoch,183,0,17297.775391,267.186737,17030.587891,3
batch,184,1,9815.620117,267.144775,9548.475586,3
epoch,184,0,9815.620117,267.144775,9548.475586,3
batch,185,1,28734.683594,1287.135010,27447.548828,3
epoch,185,0,28734.683594,1287.135010,27447.548828,3
batch,186,1,15442.721680,1287.166016,14155.555664,3
epoch,186,0,15442.721680,1287.166016,14155.555664,3
batch,187,1,16647.859375,228.258316,16419.601562,3
epoch,187,0,16647.859375,228.258316,16419.601562,3
batch,188,1,22067.445312,683.480835,21383.964844,5
epoch,188,0,22067.445312,683.480835,21383.964844,5
batch,189,1,12396.046875,1287.242920,11108.803711,3
epoch,189,0,12396.046875,1287.242920,11108.803711,3
batch,190,1,13607.650391,1287.319702,12320.331055,3
epoch,190,0,13607.650391,1287.319702,12320.331055,3
batch,191,1,16055.235352,1287.199829,14768.035156,3
epoch,191,0,16055.235352,1287.199829,14768.035156,3
batch,192,1,18168.648438,17.763624,18150.884766,3
epoch,192,0,18168.648438,17.763624,18150.884766,3
batch,193,1,15050.392578,1287.567383,13762.825195,3
epoch,193,0,15050.392578,1287.567383,13762.825195,3
batch,194,1,15644.768555,1287.146729,14357.622070,3
epoch,194,0,15644.768555,1287.146729,14357.622070,3
batch,195,1,10123.236328,539.034363,9584.202148,3
epoch,195,0,10123.236328,539.034363,9584.202148,3
batch,196,1,14897.868164,1199.056519,13698.811523,3
epoch,196,0,14897.868164,1199.056519,13698.811523,3
batch,197,1,10988.228516,907.160645,10081.067383,3
epoch,197,0,10988.228516,907.160645,10081.067383,3
batch,198,1,41722.085938,1287.019409,40435.066406,3
epoch,198,0,41722.085938,1287.019409,40435.066406,3
batch,199,1,12174.147461,1205.929321,10968.217773,3
epoch,199,0,12174.147461,1205.929321,10968.217773,3
batch,200,1,11687.588867,1287.140625,10400.448242,3
epoch,200,0,11687.588867,1287.140625,10400.448242,3
batch,201,1,13460.246094,1286.957520,12173.288086,3
epoch,201,0,13460.246094,1286.957520,12173.288086,3
batch,202,1,27188.437500,1205.826294,25982.611328,3
epoch,202,0,27188.437500,1205.826294,25982.611328,3
batch,203,1,12457.167969,1287.155029,11170.012695,3
epoch,203,0,12457.167969,1287.155029,11170.012695,3
batch,204,1,11955.095703,1051.138062,10903.958008,3
epoch,204,0,11955.095703,1051.138062,10903.958008,3
batch,205,1,23223.531250,487.080322,22736.451172,3
epoch,205,0,23223.531250,487.080322,22736.451172,3
batch,206,1,13793.541016,812.142090,12981.398438,5
epoch,206,0,13793.541016,812.142090,12981.398438,5
batch,207,1,12924.538086,907.131287,12017.407227,3
epoch,207,0,12924.538086,907.131287,12017.407227,3
batch,208,1,11543.073242,1205.793701,10337.279297,3
epoch,208,0,11543.073242,1205.793701,10337.279297,3
batch,209,1,11824.310547,1287.056396,10537.253906,3
epoch,209,0,11824.310547,1287.056396,10537.253906,3
batch,210,1,46318.421875,977.685059,45340.738281,3
epoch,210,0,46318.421875,977.685059,45340.738281,3
batch,211,1,13164.557617,1205.841431,11958.715820,3
epoch,211,0,13164.557617,1205.841431,11958.715820,3
batch,212,1,14340.852539,1206.013062,13134.839844,3
epoch,212,0,14340.852539,1206.013062,13134.839844,3
batch,213,1,15492.650391,710.937866,14781.712891,5
epoch,213,0,15492.650391,710.937866,14781.712891,5
batch,214,1,13193.676758,1287.032837,11906.643555,3
epoch,214,0,13193.676758,1287.032837,11906.643555,3
batch,215,1,19923.410156,839.182556,19084.228516,3
epoch,215,0,19923.410156,839.182556,19084.228516,3
batch,216,1,21559.345703,977.660950,20581.685547,3
epoch,216,0,21559.345703,977.660950,20581.685547,3
batch,217,1,17750.732422,1287.063843,16463.667969,3
epoch,217,0,17750.732422,1287.063843,16463.667969,3
batch,218,1,19290.181641,1205.855591,18084.326172,3
epoch,218,0,19290.181641,1205.855591,18084.326172,3
batch,219,1,15483.667969,1287.078491,14196.589844,3
epoch,219,0,15483.667969,1287.078491,14196.589844,3
batch,220,1,14250.293945,1287.125244,12963.168945,3
epoch,220,0,14250.293945,1287.125244,12963.168945,3
batch,221,1,25768.123047,1287.582275,24480.541016,3
epoch,221,0,25768.123047,1287.582275,24480.541016,3
batch,222,1,12707.150391,1068.554321,11638.595703,7
epoch,222,0,12707.150391,1068.554321,11638.595703,7
batch,223,1,19466.474609,1287.168335,18179.306641,3
epoch,223,0,19466.474609,1287.168335,18179.306641,3
batch,224,1,12471.458008,1287.156494,11184.301758,3
epoch,224,0,12471.458008,1287.156494,11184.301758,3
batch,225,1,12752.673828,1287.050171,11465.624023,3
epoch,225,0,12752.673828,1287.050171,11465.624023,3
batch,226,1,15559.726562,1287.384155,14272.342773,3
epoch,226,0,15559.726562,1287.384155,14272.342773,3
batch,227,1,19121.437500,785.968689,18335.468750,5
epoch,227,0,19121.437500,785.968689,18335.468750,5
batch,228,1,10976.569336,346.962036,10629.607422,3
epoch,228,0,10976.569336,346.962036,10629.607422,3
batch,229,1,14856.446289,8.538762,14847.907227,2
epoch,229,0,14856.446289,8.538762,14847.907227,2
batch,230,1,16669.921875,8.612354,16661.308594,2
epoch,230,0,16669.921875,8.612354,16661.308594,2
batch,231,1,15208.527344,194.852890,15013.674805,3
epoch,231,0,15208.527344,194.852890,15013.674805,3
batch,232,1,12650.851562,1287.132080,11363.719727,3
epoch,232,0,12650.851562,1287.132080,11363.719727,3
batch,233,1,12487.897461,1287.027100,11200.870117,3
epoch,233,0,12487.897461,1287.027100,11200.870117,3
batch,234,1,12222.769531,1287.117432,10935.652344,3
epoch,234,0,12222.769531,1287.117432,10935.652344,3
batch,235,1,11506.058594,839.050598,10667.007812,3
epoch,235,0,11506.058594,839.050598,10667.007812,3
batch,236,1,10850.028320,1051.119507,9798.909180,3
epoch,236,0,10850.028320,1051.119507,9798.909180,3
batch,237,1,16558.666016,266.160889,16292.505859,5
epoch,237,0,16558.666016,266.160889,16292.505859,5
batch,238,1,14046.058594,1286.995483,12759.063477,3
epoch,238,0,14046.058594,1286.995483,12759.063477,3
batch,239,1,12228.479492,977.877747,11250.601562,3
epoch,239,0,12228.479492,977.877747,11250.601562,3
batch,240,1,19238.650391,775.912964,18462.738281,5
epoch,240,0,19238.650391,775.912964,18462.738281,5
batch,241,1,12817.321289,1287.139038,11530.182617,3
epoch,241,0,12817.321289,1287.139038,11530.182617,3
batch,242,1,14397.806641,1287.057129,13110.749023,3
epoch,242,0,14397.806641,1287.057129,13110.749023,3
batch,243,1,18731.478516,834.752563,17896.726562,5
epoch,243,0,18731.478516,834.752563,17896.726562,5
batch,244,1,35287.273438,635.793579,34651.480469,5
epoch,244,0,35287.273438,635.793579,34651.480469,5
batch,245,1,13037.611328,703.282410,12334.329102,3
epoch,245,0,13037.611328,703.282410,12334.329102,3
batch,246,1,12465.138672,1287.324829,11177.813477,3
epoch,246,0,12465.138672,1287.324829,11177.813477,3
batch,247,1,16212.568359,1050.920044,15161.648438,3
epoch,247,0,16212.568359,1050.920044,15161.648438,3
batch,248,1,24440.263672,1287.108887,23153.154297,3
epoch,248,0,24440.263672,1287.108887,23153.154297,3
batch,249,1,13965.527344,1287.164429,12678.363281,3
epoch,249,0,13965.527344,1287.164429,12678.363281,3
batch,250,1,21449.156250,781.062866,20668.093750,5
epoch,250,0,21449.156250,781.062866,20668.093750,5
batch,251,1,10417.402344,1051.063110,9366.338867,3
epoch,251,0,10417.402344,1051.063110,9366.338867,3
batch,252,1,20199.517578,14.062549,20185.455078,5
epoch,252,0,20199.517578,14.062549,20185.455078,5
batch,253,1,46710.078125,1286.734985,45423.343750,3
epoch,253,0,46710.078125,1286.734985,45423.343750,3
batch,254,1,14320.282227,1286.957275,13033.325195,3
epoch,254,0,14320.282227,1286.957275,13033.325195,3
batch,255,1,16880.404297,11.308361,16869.095703,3
epoch,255,0,16880.404297,11.308361,16869.095703,3
batch,256,1,9339.620117,6.872451,9332.748047,3
epoch,256,0,9339.620117,6.872451,9332.748047,3
batch,257,1,12504.647461,8.525105,12496.122070,2
epoch,257,0,12504.647461,8.525105,12496.122070,2
batch,258,1,11213.218750,1287.001587,9926.216797,3
epoch,258,0,11213.218750,1287.001587,9926.216797,3
batch,259,1,15852.574219,1286.988281,14565.585938,3
epoch,259,0,15852.574219,1286.988281,14565.585938,3
batch,260,1,13110.775391,8.356178,13102.418945,2
epoch,260,0,13110.775391,8.356178,13102.418945,2
batch,261,1,19748.783203,437.502686,19311.281250,3
epoch,261,0,19748.783203,437.502686,19311.281250,3
batch,262,1,13002.465820,1286.958252,11715.507812,3
epoch,262,0,13002.465820,1286.958252,11715.507812,3
batch,263,1,13293.047852,1287.004028,12006.043945,3
epoch,263,0,13293.047852,1287.004028,12006.043945,3
batch,264,1,13348.340820,775.703186,12572.637695,5
epoch,264,0,13348.340820,775.703186,12572.637695,5
batch,265,1,13376.578125,1287.069214,12089.508789,3
epoch,265,0,13376.578125,1287.069214,12089.508789,3
batch,266,1,20271.183594,775.703491,19495.480469,5
epoch,266,0,20271.183594,775.703491,19495.480469,5
batch,267,1,12071.568359,1287.247925,10784.320312,3
epoch,267,0,12071.568359,1287.247925,10784.320312,3
batch,268,1,13480.496094,1287.352783,12193.143555,3
epoch,268,0,13480.496094,1287.352783,12193.143555,3
batch,269,1,22140.652344,775.527954,21365.125000,5
epoch,269,0,22140.652344,775.527954,21365.125000,5
batch,270,1,15978.473633,1286.964966,14691.508789,3
epoch,270,0,15978.473633,1286.964966,14691.508789,3
batch,271,1,16954.617188,1286.766113,15667.851562,3
epoch,271,0,16954.617188,1286.766113,15667.851562,3
batch,272,1,24982.220703,38.273670,24943.947266,4
epoch,272,0,24982.220703,38.273670,24943.947266,4
batch,273,1,17262.876953,823.991089,16438.886719,5
epoch,273,0,17262.876953,823.991089,16438.886719,5
batch,274,1,17587.437500,789.144897,16798.292969,5
epoch,274,0,17587.437500,789.144897,16798.292969,5
batch,275,1,13597.834961,775.602661,12822.232422,5
epoch,275,0,13597.834961,775.602661,12822.232422,5
batch,276,1,10407.431641,1286.964233,9120.467773,3
epoch,276,0,10407.431641,1286.964233,9120.467773,3
batch,277,1,11358.694336,1287.205078,10071.489258,3
epoch,277,0,11358.694336,1287.205078,10071.489258,3
batch,278,1,13815.911133,1127.231079,12688.679688,3
epoch,278,0,13815.911133,1127.231079,12688.679688,3
batch,279,1,18326.884766,1286.939209,17039.945312,3
epoch,279,0,18326.884766,1286.939209,17039.945312,3
batch,280,1,11561.946289,8.233479,11553.712891,2
epoch,280,0,11561.946289,8.233479,11553.712891,2
batch,281,1,11443.687500,1286.753296,10156.934570,3
epoch,281,0,11443.687500,1286.753296,10156.934570,3
batch,282,1,13497.598633,777.796021,12719.802734,5
epoch,282,0,13497.598633,777.796021,12719.802734,5
batch,283,1,10249.558594,1286.999268,8962.559570,3
epoch,283,0,10249.558594,1286.999268,8962.559570,3
batch,284,1,15482.136719,1287.188843,14194.948242,3
epoch,284,0,15482.136719,1287.188843,14194.948242,3
batch,285,1,11112.382812,1286.997192,9825.385742,3
epoch,285,0,11112.382812,1286.997192,9825.385742,3
batch,286,1,11768.123047,1286.934692,10481.188477,3
epoch,286,0,11768.123047,1286.934692,10481.188477,3
batch,287,1,70608.679688,1287.054199,69321.625000,3
epoch,287,0,70608.679688,1287.054199,69321.625000,3
batch,288,1,11186.066406,1286.995605,9899.070312,3
epoch,288,0,11186.066406,1286.995605,9899.070312,3
batch,289,1,25141.093750,1205.600220,23935.494141,3
epoch,289,0,25141.093750,1205.600220,23935.494141,3
batch,290,1,21035.259766,386.379608,20648.880859,3
epoch,290,0,21035.259766,386.379608,20648.880859,3
batch,291,1,12036.528320,1286.888306,10749.639648,3
epoch,291,0,12036.528320,1286.888306,10749.639648,3
batch,292,1,15030.558594,1286.891602,13743.666992,3
epoch,292,0,15030.558594,1286.891602,13743.666992,3
batch,293,1,9656.030273,532.131409,9123.898438,3
epoch,293,0,9656.030273,532.131409,9123.898438,3
batch,294,1,9714.930664,1286.886597,8428.043945,3
epoch,294,0,9714.930664,1286.886597,8428.043945,3
batch,295,1,20555.050781,775.456909,19779.593750,5
epoch,295,0,20555.050781,775.456909,19779.593750,5
batch,296,1,12441.091797,1287.000488,11154.090820,3
epoch,296,0,12441.091797,1287.000488,11154.090820,3
batch,297,1,10512.122070,1286.941162,9225.180664,3
epoch,297,0,10512.122070,1286.941162,9225.180664,3
batch,298,1,13332.575195,1286.861694,12045.713867,3
epoch,298,0,13332.575195,1286.861694,12045.713867,3
batch,299,1,14296.773438,1286.929932,13009.843750,3
epoch,299,0,14296.773438,1286.929932,13009.843750,3
batch,300,1,10713.110352,8.068643,10705.041992,2
epoch,300,0,10713.110352,8.068643,10705.041992,2
batch,301,1,16711.824219,1286.980835,15424.842773,3
epoch,301,0,16711.824219,1286.980835,15424.842773,3
batch,302,1,16995.462891,782.551392,16212.912109,5
epoch,302,0,16995.462891,782.551392,16212.912109,5
batch,303,1,12578.820312,1286.943848,11291.875977,3
epoch,303,0,12578.820312,1286.943848,11291.875977,3
batch,304,1,10048.966797,1286.974121,8761.993164,3
epoch,304,0,10048.966797,1286.974121,8761.993164,3
batch,305,1,45908.675781,1051.179565,44857.496094,3
epoch,305,0,45908.675781,1051.179565,44857.496094,3
batch,306,1,11270.371094,1287.344360,9983.026367,3
epoch,306,0,11270.371094,1287.344360,9983.026367,3
batch,307,1,17038.660156,1286.956665,15751.703125,3
epoch,307,0,17038.660156,1286.956665,15751.703125,3
batch,308,1,21892.226562,775.482056,21116.744141,5
epoch,308,0,21892.226562,775.482056,21116.744141,5
batch,309,1,13028.362305,1286.668213,11741.694336,3
epoch,309,0,13028.362305,1286.668213,11741.694336,3
batch,310,1,16506.392578,1205.660400,15300.731445,3
epoch,310,0,16506.392578,1205.660400,15300.731445,3
batch,311,1,10278.474609,1286.845215,8991.629883,3
epoch,311,0,10278.474609,1286.845215,8991.629883,3
batch,312,1,23165.105469,786.163940,22378.941406,5
epoch,312,0,23165.105469,786.163940,22378.941406,5
batch,313,1,32762.474609,556.066223,32206.408203,7
epoch,313,0,32762.474609,556.066223,32206.408203,7
batch,314,1,19431.994141,840.564148,18591.429688,5
epoch,314,0,19431.994141,840.564148,18591.429688,5
batch,315,1,13959.512695,1286.726440,12672.786133,3
epoch,315,0,13959.512695,1286.726440,12672.786133,3
batch,316,1,10505.574219,1286.645874,9218.928711,3
epoch,316,0,10505.574219,1286.645874,9218.928711,3
batch,317,1,9054.123047,7.908719,9046.213867,2
epoch,317,0,9054.123047,7.908719,9046.213867,2
batch,318,1,9104.458008,1286.667114,7817.791016,3
epoch,318,0,9104.458008,1286.667114,7817.791016,3
batch,319,1,11857.227539,1286.802368,10570.424805,3
epoch,319,0,11857.227539,1286.802368,10570.424805,3
batch,320,1,9213.544922,1286.574829,7926.970215,3
epoch,320,0,9213.544922,1286.574829,7926.970215,3
batch,321,1,15780.136719,1286.905396,14493.231445,3
epoch,321,0,15780.136719,1286.905396,14493.231445,3
batch,322,1,14349.105469,1126.938232,13222.166992,3
epoch,322,0,14349.105469,1126.938232,13222.166992,3
batch,323,1,13441.456055,1286.857666,12154.598633,3
epoch,323,0,13441.456055,1286.857666,12154.598633,3
batch,324,1,14387.507812,1206.347046,13181.161133,3
epoch,324,0,14387.507812,1206.347046,13181.161133,3
batch,325,1,13670.449219,1286.640503,12383.808594,3
epoch,325,0,13670.449219,1286.640503,12383.808594,3
batch,326,1,29457.662109,1286.083374,28171.578125,3
epoch,326,0,29457.662109,1286.083374,28171.578125,3
batch,327,1,10608.147461,1286.890869,9321.256836,3
epoch,327,0,10608.147461,1286.890869,9321.256836,3
batch,328,1,12263.716797,1286.897339,10976.819336,3
epoch,328,0,12263.716797,1286.897339,10976.819336,3
batch,329,1,9623.441406,1286.952637,8336.489258,3
epoch,329,0,9623.441406,1286.952637,8336.489258,3
batch,330,1,22033.812500,775.434204,21258.378906,5
epoch,330,0,22033.812500,775.434204,21258.378906,5
batch,331,1,20929.443359,1050.964600,19878.478516,3
epoch,331,0,20929.443359,1050.964600,19878.478516,3
batch,332,1,9743.722656,1286.764771,8456.958008,3
epoch,332,0,9743.722656,1286.764771,8456.958008,3
batch,333,1,4595.594727,1285.770630,3309.823975,3
epoch,333,0,4595.594727,1285.770630,3309.823975,3
batch,334,1,15064.595703,1286.848755,13777.747070,3
epoch,334,0,15064.595703,1286.848755,13777.747070,3
batch,335,1,18209.843750,1205.543335,17004.300781,3
epoch,335,0,18209.843750,1205.543335,17004.300781,3
batch,336,1,18662.619141,429.862213,18232.757812,5
epoch,336,0,18662.619141,429.862213,18232.757812,5
batch,337,1,10890.334961,1126.849365,9763.485352,3
epoch,337,0,10890.334961,1126.849365,9763.485352,3
batch,338,1,17376.529297,1050.863647,16325.665039,3
epoch,338,0,17376.529297,1050.863647,16325.665039,3
batch,339,1,9754.420898,1286.661987,8467.758789,3
epoch,339,0,9754.420898,1286.661987,8467.758789,3
batch,340,1,5682.723633,7.648949,5675.074707,2
epoch,340,0,5682.723633,7.648949,5675.074707,2
batch,341,1,26768.312500,12.584146,26755.728516,4
epoch,341,0,26768.312500,12.584146,26755.728516,4
batch,342,1,9579.023438,775.243408,8803.780273,5
epoch,342,0,9579.023438,775.243408,8803.780273,5
batch,343,1,12652.922852,1286.343872,11366.579102,3
epoch,343,0,12652.922852,1286.343872,11366.579102,3
batch,344,1,10022.720703,1286.815674,8735.905273,3
epoch,344,0,10022.720703,1286.815674,8735.905273,3
batch,345,1,9087.848633,1126.786499,7961.062500,3
epoch,345,0,9087.848633,1126.786499,7961.062500,3
batch,346,1,9112.082031,1286.650513,7825.431152,3
epoch,346,0,9112.082031,1286.650513,7825.431152,3
batch,347,1,10289.577148,775.106567,9514.470703,5
epoch,347,0,10289.577148,775.106567,9514.470703,5
batch,348,1,11914.283203,8.028333,11906.254883,2
epoch,348,0,11914.283203,8.028333,11906.254883,2
batch,349,1,8649.208984,1286.759644,7362.449707,3
epoch,349,0,8649.208984,1286.759644,7362.449707,3
batch,350,1,19308.818359,1286.823486,18021.994141,3
epoch,350,0,19308.818359,1286.823486,18021.994141,3
batch,351,1,24737.142578,1286.762085,23450.380859,3
epoch,351,0,24737.142578,1286.762085,23450.380859,3
batch,352,1,32499.634766,792.833862,31706.800781,5
epoch,352,0,32499.634766,792.833862,31706.800781,5
batch,353,1,12448.955078,1286.629639,11162.325195,3
epoch,353,0,12448.955078,1286.629639,11162.325195,3
batch,354,1,44631.027344,1286.631714,43344.394531,3
epoch,354,0,44631.027344,1286.631714,43344.394531,3
batch,355,1,19884.876953,1286.846558,18598.031250,3
epoch,355,0,19884.876953,1286.846558,18598.031250,3
batch,356,1,6729.398926,1286.581665,5442.817383,3
epoch,356,0,6729.398926,1286.581665,5442.817383,3
batch,357,1,10297.742188,7.632839,10290.109375,2
epoch,357,0,10297.742188,7.632839,10290.109375,2
batch,358,1,68078.335938,8.195821,68070.140625,2
epoch,358,0,68078.335938,8.195821,68070.140625,2
batch,359,1,7996.442871,1286.595581,6709.847168,3
epoch,359,0,7996.442871,1286.595581,6709.847168,3
batch,360,1,10955.051758,1286.982178,9668.069336,3
epoch,360,0,10955.051758,1286.982178,9668.069336,3
batch,361,1,4709.248535,1285.299438,3423.949219,3
epoch,361,0,4709.248535,1285.299438,3423.949219,3
batch,362,1,6576.736328,1286.325806,5290.410645,3
epoch,362,0,6576.736328,1286.325806,5290.410645,3
batch,363,1,6483.801270,1285.769897,5198.031250,3
epoch,363,0,6483.801270,1285.769897,5198.031250,3
batch,364,1,27418.378906,741.589111,26676.789062,3
epoch,364,0,27418.378906,741.589111,26676.789062,3
batch,365,1,35422.714844,1286.550415,34136.164062,3
epoch,365,0,35422.714844,1286.550415,34136.164062,3
batch,366,1,15396.937500,1206.003174,14190.934570,3
epoch,366,0,15396.937500,1206.003174,14190.934570,3
batch,367,1,20620.343750,1286.890869,19333.453125,3
epoch,367,0,20620.343750,1286.890869,19333.453125,3
batch,368,1,34109.613281,1286.319946,32823.292969,3
epoch,368,0,34109.613281,1286.319946,32823.292969,3
batch,369,1,11770.966797,779.959167,10991.007812,5
epoch,369,0,11770.966797,779.959167,10991.007812,5
batch,370,1,14842.034180,7.535129,14834.499023,2
epoch,370,0,14842.034180,7.535129,14834.499023,2
batch,371,1,26456.593750,772.359863,25684.234375,5
epoch,371,0,26456.593750,772.359863,25684.234375,5
batch,372,1,9840.305664,1286.805054,8553.500977,3
epoch,372,0,9840.305664,1286.805054,8553.500977,3
batch,373,1,4364.463867,1285.962036,3078.501709,3
epoch,373,0,4364.463867,1285.962036,3078.501709,3
batch,374,1,13963.401367,165.968292,13797.432617,3
epoch,374,0,13963.401367,165.968292,13797.432617,3
batch,375,1,12773.707031,1286.202637,11487.503906,3
epoch,375,0,12773.707031,1286.202637,11487.503906,3
batch,376,1,8803.523438,1286.250977,7517.272949,3
epoch,376,0,8803.523438,1286.250977,7517.272949,3
batch,377,1,14887.039062,7.307165,14879.731445,2
epoch,377,0,14887.039062,7.307165,14879.731445,2
batch,378,1,20130.742188,838.060974,19292.681641,3
epoch,378,0,20130.742188,838.060974,19292.681641,3
batch,379,1,9144.125000,1286.226562,7857.898926,3
epoch,379,0,9144.125000,1286.226562,7857.898926,3
batch,380,1,8324.807617,1286.250610,7038.556641,3
epoch,380,0,8324.807617,1286.250610,7038.556641,3
batch,381,1,10062.507812,1287.463867,8775.043945,3
epoch,381,0,10062.507812,1287.463867,8775.043945,3
batch,382,1,11146.845703,976.761169,10170.084961,3
epoch,382,0,11146.845703,976.761169,10170.084961,3
batch,383,1,26124.808594,1286.870483,24837.937500,3
epoch,383,0,26124.808594,1286.870483,24837.937500,3
batch,384,1,9326.496094,1286.461060,8040.035156,3
epoch,384,0,9326.496094,1286.461060,8040.035156,3
batch,385,1,17608.697266,1286.712769,16321.984375,3
epoch,385,0,17608.697266,1286.712769,16321.984375,3
batch,386,1,9838.463867,1205.093994,8633.370117,3
epoch,386,0,9838.463867,1205.093994,8633.370117,3
batch,387,1,7481.507324,1127.274292,6354.232910,3
epoch,387,0,7481.507324,1127.274292,6354.232910,3
batch,388,1,6624.083008,52.599865,6571.482910,3
epoch,388,0,6624.083008,52.599865,6571.482910,3
batch,389,1,9026.256836,1205.214355,7821.042480,3
epoch,389,0,9026.256836,1205.214355,7821.042480,3
batch,390,1,12630.782227,1286.671753,11344.110352,3
epoch,390,0,12630.782227,1286.671753,11344.110352,3
batch,391,1,5729.642578,1286.362915,4443.279785,3
epoch,391,0,5729.642578,1286.362915,4443.279785,3
batch,392,1,7171.523926,1287.247192,5884.276855,3
epoch,392,0,7171.523926,1287.247192,5884.276855,3
batch,393,1,25632.513672,1129.375488,24503.138672,3
epoch,393,0,25632.513672,1129.375488,24503.138672,3
batch,394,1,41156.273438,1286.816528,39869.457031,3
epoch,394,0,41156.273438,1286.816528,39869.457031,3
batch,395,1,37245.808594,1286.741089,35959.066406,3
epoch,395,0,37245.808594,1286.741089,35959.066406,3
batch,396,1,45686.433594,1286.678955,44399.753906,3
epoch,396,0,45686.433594,1286.678955,44399.753906,3
batch,397,1,11513.807617,1286.910522,10226.897461,3
epoch,397,0,11513.807617,1286.910522,10226.897461,3
batch,398,1,19628.349609,1287.067017,18341.283203,3
epoch,398,0,19628.349609,1287.067017,18341.283203,3
batch,399,1,14638.483398,1286.708984,13351.774414,3
epoch,399,0,14638.483398,1286.708984,13351.774414,3
batch,400,1,8475.381836,1286.026001,7189.355957,3
epoch,400,0,8475.381836,1286.026001,7189.355957,3
batch,401,1,35721.406250,1050.213623,34671.191406,3
epoch,401,0,35721.406250,1050.213623,34671.191406,3
batch,402,1,19013.421875,726.352173,18287.070312,5
epoch,402,0,19013.421875,726.352173,18287.070312,5
batch,403,1,14560.183594,7.943696,14552.240234,2
epoch,403,0,14560.183594,7.943696,14552.240234,2
batch,404,1,7564.357910,229.959045,7334.398926,3
epoch,404,0,7564.357910,229.959045,7334.398926,3
batch,405,1,7963.461914,35.925060,7927.536621,3
epoch,405,0,7963.461914,35.925060,7927.536621,3
batch,406,1,10126.363281,1286.055786,8840.307617,3
epoch,406,0,10126.363281,1286.055786,8840.307617,3
batch,407,1,10551.510742,777.673950,9773.836914,5
epoch,407,0,10551.510742,777.673950,9773.836914,5
batch,408,1,88794.562500,682.921509,88111.640625,5
epoch,408,0,88794.562500,682.921509,88111.640625,5
batch,409,1,14173.427734,1285.356079,12888.071289,3
epoch,409,0,14173.427734,1285.356079,12888.071289,3
batch,410,1,16203.901367,1285.420044,14918.481445,3
epoch,410,0,16203.901367,1285.420044,14918.481445,3
batch,411,1,30292.222656,1286.222290,29006.000000,3
epoch,411,0,30292.222656,1286.222290,29006.000000,3
batch,412,1,22969.617188,652.358948,22317.257812,3
epoch,412,0,22969.617188,652.358948,22317.257812,3
batch,413,1,30635.072266,1286.343384,29348.728516,3
epoch,413,0,30635.072266,1286.343384,29348.728516,3
batch,414,1,9023.252930,1286.708862,7736.544434,3
epoch,414,0,9023.252930,1286.708862,7736.544434,3
batch,415,1,13305.346680,7.893514,13297.453125,2
epoch,415,0,13305.346680,7.893514,13297.453125,2
batch,416,1,12818.309570,1286.898193,11531.411133,3
epoch,416,0,12818.309570,1286.898193,11531.411133,3
batch,417,1,20990.771484,775.396545,20215.375000,5
epoch,417,0,20990.771484,775.396545,20215.375000,5
batch,418,1,22619.027344,1286.737793,21332.289062,3
epoch,418,0,22619.027344,1286.737793,21332.289062,3
batch,419,1,12470.778320,593.730896,11877.047852,3
epoch,419,0,12470.778320,593.730896,11877.047852,3
batch,420,1,26113.070312,781.565308,25331.505859,5
epoch,420,0,26113.070312,781.565308,25331.505859,5
batch,421,1,10243.759766,1286.784424,8956.975586,3
epoch,421,0,10243.759766,1286.784424,8956.975586,3
batch,422,1,14255.395508,342.144623,13913.250977,3
epoch,422,0,14255.395508,342.144623,13913.250977,3
batch,423,1,14671.990234,487.067261,14184.922852,3
epoch,423,0,14671.990234,487.067261,14184.922852,3
batch,424,1,15301.851562,1050.848511,14251.002930,3
epoch,424,0,15301.851562,1050.848511,14251.002930,3
batch,425,1,20430.812500,1286.786011,19144.027344,3
epoch,425,0,20430.812500,1286.786011,19144.027344,3
batch,426,1,9336.819336,1286.761841,8050.057129,3
epoch,426,0,9336.819336,1286.761841,8050.057129,3
batch,427,1,17446.626953,819.474976,16627.152344,5
epoch,427,0,17446.626953,819.474976,16627.152344,5
batch,428,1,18427.794922,1286.860107,17140.935547,3
epoch,428,0,18427.794922,1286.860107,17140.935547,3
batch,429,1,14172.994141,838.806458,13334.187500,3
epoch,429,0,14172.994141,838.806458,13334.187500,3
batch,430,1,19908.681641,1286.313599,18622.367188,3
epoch,430,0,19908.681641,1286.313599,18622.367188,3
batch,431,1,9582.406250,1285.516968,8296.889648,3
epoch,431,0,9582.406250,1285.516968,8296.889648,3
batch,432,1,10241.362305,1286.847534,8954.514648,3
epoch,432,0,10241.362305,1286.847534,8954.514648,3
batch,433,1,13055.209961,1286.842896,11768.367188,3
epoch,433,0,13055.209961,1286.842896,11768.367188,3
batch,434,1,9123.866211,1050.587036,8073.278809,3
epoch,434,0,9123.866211,1050.587036,8073.278809,3
batch,435,1,11462.576172,592.419922,10870.156250,3
epoch,435,0,11462.576172,592.419922,10870.156250,3
batch,436,1,25880.220703,1286.812378,24593.408203,3
epoch,436,0,25880.220703,1286.812378,24593.408203,3
batch,437,1,9267.604492,1286.117432,7981.486816,3
epoch,437,0,9267.604492,1286.117432,7981.486816,3
batch,438,1,26853.375000,779.508484,26073.867188,5
epoch,438,0,26853.375000,779.508484,26073.867188,5
batch,439,1,20073.539062,977.330505,19096.208984,3
epoch,439,0,20073.539062,977.330505,19096.208984,3
batch,440,1,10024.838867,1285.716431,8739.122070,3
epoch,440,0,10024.838867,1285.716431,8739.122070,3
batch,441,1,7173.056152,1286.069214,5886.986816,3
epoch,441,0,7173.056152,1286.069214,5886.986816,3
batch,442,1,8406.393555,1285.489746,7120.903809,3
epoch,442,0,8406.393555,1285.489746,7120.903809,3
batch,443,1,23023.173828,795.270935,22227.902344,5
epoch,443,0,23023.173828,795.270935,22227.902344,5
batch,444,1,12297.425781,303.961273,11993.464844,3
epoch,444,0,12297.425781,303.961273,11993.464844,3
batch,445,1,51353.519531,4.774573,51348.746094,2
epoch,445,0,51353.519531,4.774573,51348.746094,2
batch,446,1,16360.540039,8.306693,16352.233398,4
epoch,446,0,16360.540039,8.306693,16352.233398,4
batch,447,1,7514.967285,342.170502,7172.796875,3
epoch,447,0,7514.967285,342.170502,7172.796875,3
batch,448,1,8239.852539,1285.671021,6954.181152,3
epoch,448,0,8239.852539,1285.671021,6954.181152,3
batch,449,1,9140.550781,5.904883,9134.645508,2
epoch,449,0,9140.550781,5.904883,9134.645508,2
batch,450,1,7970.464355,1285.681152,6684.783203,3
epoch,450,0,7970.464355,1285.681152,6684.783203,3
batch,451,1,7584.874512,1204.076294,6380.798340,3
epoch,451,0,7584.874512,1204.076294,6380.798340,3
batch,452,1,7228.761719,1286.142212,5942.619629,3
epoch,452,0,7228.761719,1286.142212,5942.619629,3
batch,453,1,8371.055664,1286.819702,7084.235840,3
epoch,453,0,8371.055664,1286.819702,7084.235840,3
batch,454,1,19809.515625,1284.618286,18524.896484,3
epoch,454,0,19809.515625,1284.618286,18524.896484,3
batch,455,1,9614.728516,1286.680298,8328.047852,3
epoch,455,0,9614.728516,1286.680298,8328.047852,3
batch,456,1,12238.983398,774.934875,11464.048828,5
epoch,456,0,12238.983398,774.934875,11464.048828,5
batch,457,1,8461.546875,1284.938965,7176.607910,3
epoch,457,0,8461.546875,1284.938965,7176.607910,3
batch,458,1,14532.689453,9.739676,14522.950195,3
epoch,458,0,14532.689453,9.739676,14522.950195,3
batch,459,1,8187.909180,1285.962280,6901.946777,3
epoch,459,0,8187.909180,1285.962280,6901.946777,3
batch,460,1,7680.786621,1285.536255,6395.250488,3
epoch,460,0,7680.786621,1285.536255,6395.250488,3
batch,461,1,8009.296875,1284.507324,6724.789551,3
epoch,461,0,8009.296875,1284.507324,6724.789551,3
batch,462,1,14972.658203,346.046234,14626.612305,3
epoch,462,0,14972.658203,346.046234,14626.612305,3
batch,463,1,17992.205078,705.170715,17287.035156,5
epoch,463,0,17992.205078,705.170715,17287.035156,5
batch,464,1,29971.310547,793.330322,29177.980469,5
epoch,464,0,29971.310547,793.330322,29177.980469,5
batch,465,1,8270.243164,1284.712280,6985.530762,3
epoch,465,0,8270.243164,1284.712280,6985.530762,3
batch,466,1,32649.099609,787.737061,31861.363281,5
epoch,466,0,32649.099609,787.737061,31861.363281,5
batch,467,1,8252.585938,1286.416382,6966.169434,3
epoch,467,0,8252.585938,1286.416382,6966.169434,3
batch,468,1,10244.775391,1285.590698,8959.184570,3
epoch,468,0,10244.775391,1285.590698,8959.184570,3
batch,469,1,13624.154297,1284.838135,12339.316406,3
epoch,469,0,13624.154297,1284.838135,12339.316406,3
batch,470,1,8253.285156,1284.288940,6968.996094,3
epoch,470,0,8253.285156,1284.288940,6968.996094,3
batch,471,1,41850.144531,1285.899414,40564.246094,3
epoch,471,0,41850.144531,1285.899414,40564.246094,3
batch,472,1,27287.423828,1286.110474,26001.312500,3
epoch,472,0,27287.423828,1286.110474,26001.312500,3
batch,473,1,8005.192871,1285.001587,6720.191406,3
epoch,473,0,8005.192871,1285.001587,6720.191406,3
batch,474,1,48211.058594,494.241455,47716.816406,3
epoch,474,0,48211.058594,494.241455,47716.816406,3
batch,475,1,18149.480469,1285.798950,16863.681641,3
epoch,475,0,18149.480469,1285.798950,16863.681641,3
batch,476,1,10142.723633,6.748055,10135.975586,2
epoch,476,0,10142.723633,6.748055,10135.975586,2
batch,477,1,42833.949219,345.703827,42488.246094,3
epoch,477,0,42833.949219,345.703827,42488.246094,3
batch,478,1,20615.566406,26.059542,20589.507812,3
epoch,478,0,20615.566406,26.059542,20589.507812,3
batch,479,1,11922.414062,1286.745850,10635.667969,3
epoch,479,0,11922.414062,1286.745850,10635.667969,3
batch,480,1,26701.205078,9.644990,26691.560547,3
epoch,480,0,26701.205078,9.644990,26691.560547,3
batch,481,1,8024.610352,976.744446,7047.865723,3
epoch,481,0,8024.610352,976.744446,7047.865723,3
batch,482,1,19081.220703,1286.063965,17795.156250,3
epoch,482,0,19081.220703,1286.063965,17795.156250,3
batch,0,1,577763.312500,1322.856812,576440.437500,3
epoch,0,0,577763.312500,1322.856812,576440.437500,3
batch,0,1,132631.218750,1089.812378,131541.406250,3
epoch,0,0,132631.218750,1089.812378,131541.406250,3
batch,1,1,125759.023438,910.681824,124848.343750,22
epoch,1,0,125759.023438,910.681824,124848.343750,22
batch,0,1,50870.414062,8.262193,50862.152344,3
epoch,0,0,50870.414062,8.262193,50862.152344,3
batch,1,1,399987.031250,1325.368530,398661.656250,3
epoch,1,0,399987.031250,1325.368530,398661.656250,3
batch,2,1,591682.687500,1325.067993,590357.625000,3
epoch,2,0,591682.687500,1325.067993,590357.625000,3
batch,3,1,36655.589844,239.818604,36415.769531,3
epoch,3,0,36655.589844,239.818604,36415.769531,3
batch,4,1,141351.328125,1325.648560,140025.671875,3
epoch,4,0,141351.328125,1325.648560,140025.671875,3
batch,5,1,349855.968750,795.532776,349060.437500,5
epoch,5,0,349855.968750,795.532776,349060.437500,5
batch,6,1,144033.625000,1325.487183,142708.140625,3
epoch,6,0,144033.625000,1325.487183,142708.140625,3
batch,7,1,85775.171875,676.886719,85098.289062,3
epoch,7,0,85775.171875,676.886719,85098.289062,3
batch,8,1,201765.671875,1325.123779,200440.546875,3
epoch,8,0,201765.671875,1325.123779,200440.546875,3
batch,9,1,243849.265625,1325.582642,242523.687500,3
epoch,9,0,243849.265625,1325.582642,242523.687500,3
batch,10,1,73680.156250,361.210205,73318.945312,3
epoch,10,0,73680.156250,361.210205,73318.945312,3
batch,11,1,32139.246094,0.520876,32138.724609,3
epoch,11,0,32139.246094,0.520876,32138.724609,3
batch,12,1,170409.875000,796.506714,169613.375000,5
epoch,12,0,170409.875000,796.506714,169613.375000,5
batch,13,1,168942.578125,1324.078735,167618.500000,3
epoch,13,0,168942.578125,1324.078735,167618.500000,3
batch,14,1,147560.031250,1322.414429,146237.609375,3
epoch,14,0,147560.031250,1322.414429,146237.609375,3
batch,15,1,38690.945312,1321.873657,37369.070312,3
epoch,15,0,38690.945312,1321.873657,37369.070312,3
batch,16,1,5807.916504,0.322834,5807.593750,2
epoch,16,0,5807.916504,0.322834,5807.593750,2
batch,17,1,26504.824219,1316.958008,25187.865234,3
epoch,17,0,26504.824219,1316.958008,25187.865234,3
batch,18,1,15307.165039,1075.910522,14231.254883,3
epoch,18,0,15307.165039,1075.910522,14231.254883,3
batch,19,1,5633.900391,0.535141,5633.365234,2
epoch,19,0,5633.900391,0.535141,5633.365234,2
batch,20,1,10506.334961,1306.882202,9199.453125,3
epoch,20,0,10506.334961,1306.882202,9199.453125,3
batch,21,1,3961.815674,0.669969,3961.145752,2
epoch,21,0,3961.815674,0.669969,3961.145752,2
batch,22,1,13829.493164,1301.607788,12527.885742,3
epoch,22,0,13829.493164,1301.607788,12527.885742,3
batch,23,1,14931.433594,1297.676392,13633.756836,3
epoch,23,0,14931.433594,1297.676392,13633.756836,3
batch,24,1,7054.091797,778.460205,6275.631348,3
epoch,24,0,7054.091797,778.460205,6275.631348,3
batch,25,1,6657.151367,1128.271118,5528.880371,3
epoch,25,0,6657.151367,1128.271118,5528.880371,3
batch,26,1,14342.053711,737.619507,13604.434570,5
epoch,26,0,14342.053711,737.619507,13604.434570,5
batch,27,1,5039.106445,1.334731,5037.771484,2
epoch,27,0,5039.106445,1.334731,5037.771484,2
batch,28,1,11909.250000,1.667982,11907.582031,2
epoch,28,0,11909.250000,1.667982,11907.582031,2
batch,29,1,13169.566406,1.723215,13167.842773,4
epoch,29,0,13169.566406,1.723215,13167.842773,4
batch,30,1,18779.871094,1284.693237,17495.177734,3
epoch,30,0,18779.871094,1284.693237,17495.177734,3
batch,31,1,9312.368164,1283.596313,8028.771484,3
epoch,31,0,9312.368164,1283.596313,8028.771484,3
batch,32,1,9853.750000,1283.373779,8570.375977,3
epoch,32,0,9853.750000,1283.373779,8570.375977,3
batch,0,1,470166.875000,1084.097046,469082.781250,12
epoch,0,0,470166.875000,1084.097046,469082.781250,12
batch,0,1,647487.250000,997.193542,646490.062500,11
epoch,0,0,647487.250000,997.193542,646490.062500,11
batch,0,1,395537.437500,1033.085327,394504.343750,14
epoch,0,0,395537.437500,1033.085327,394504.343750,14
batch,0,1,376511.625000,1033.340210,375478.281250,8
epoch,0,0,376511.625000,1033.340210,375478.281250,8
batch,0,1,862507.562500,1281.489868,861226.062500,6
epoch,0,0,862507.562500,1281.489868,861226.062500,6
batch,0,1,1388023.375000,1324.974243,1386698.375000,6
epoch,0,0,1388023.375000,1324.974243,1386698.375000,6
batch,0,1,301877.187500,859.781799,301017.406250,11
epoch,0,0,301877.187500,859.781799,301017.406250,11
batch,0,1,552370.250000,875.341553,551494.937500,32
batch,0,2,497342.312500,1008.303833,496334.000000,32
batch,0,3,385306.968750,838.831543,384468.125000,32
batch,0,4,597746.375000,847.127563,596899.250000,16
epoch,0,0,508191.468750,892.401123,507299.062500,112
batch,1,1,338480.312500,831.816589,337648.500000,32
batch,1,2,247228.000000,575.275696,246652.718750,32
batch,1,3,295724.156250,1151.418945,294572.750000,32
batch,1,4,185094.000000,746.431274,184347.562500,32
batch,1,5,225810.765625,1103.586426,224707.171875,32
batch,1,6,100296.015625,635.578247,99660.437500,32
batch,1,7,205756.734375,1124.162354,204632.578125,32
batch,1,8,208018.484375,1156.490112,206862.000000,32
batch,1,9,135364.609375,1016.523560,134348.078125,32
batch,1,10,85479.953125,1000.146667,84479.804688,32
batch,1,11,71773.820312,1090.921021,70682.898438,32
batch,1,12,22734.332031,980.750732,21753.582031,32
batch,1,13,17159.335938,989.444336,16169.890625,32
batch,1,14,18331.880859,915.298462,17416.582031,32
batch,1,15,15410.748047,534.843506,14875.904297,32
batch,1,16,17862.449219,952.058472,16910.390625,32
batch,1,17,20285.111328,956.900818,19328.210938,32
batch,1,18,27144.447266,763.316528,26381.130859,32
batch,1,19,22348.443359,1108.881348,21239.562500,32
batch,1,20,33576.007812,753.603210,32822.406250,32
batch,1,21,31751.214844,961.652527,30789.562500,32
batch,1,22,48644.222656,920.952393,47723.269531,32
batch,1,23,25416.156250,907.001709,24509.154297,32
batch,1,24,40451.597656,818.549988,39633.046875,32
batch,1,25,31414.755859,1163.071533,30251.683594,32
batch,1,26,63864.871094,1284.991211,62579.878906,6
epoch,1,0,97516.250000,940.141235,96576.125000,806
batch,2,1,31268.914062,647.868103,30621.046875,32
batch,2,2,34802.367188,960.485229,33841.882812,32
batch,2,3,24055.595703,884.201965,23171.394531,32
batch,2,4,27301.878906,868.656372,26433.222656,32
batch,2,5,26426.738281,1049.095459,25377.642578,32
batch,2,6,22965.873047,1026.978760,21938.894531,32
batch,2,7,28189.052734,821.517456,27367.535156,32
batch,2,8,26831.722656,918.183350,25913.539062,32
batch,2,9,21687.173828,1176.050293,20511.123047,32
batch,2,10,25021.335938,668.749878,24352.585938,32
batch,2,11,21964.875000,973.089539,20991.785156,32
batch,2,12,22265.421875,1146.309204,21119.113281,32
batch,2,13,26168.121094,707.464233,25460.656250,32
batch,2,14,23152.761719,987.510986,22165.250000,32
batch,2,15,23082.722656,793.525391,22289.197266,32
batch,2,16,21883.312500,842.979980,21040.332031,32
batch,2,17,18034.398438,897.165283,17137.232422,32
batch,2,18,20081.658203,800.488159,19281.169922,32
batch,2,19,18597.308594,985.339722,17611.968750,32
batch,2,20,22084.048828,1043.417969,21040.630859,32
batch,2,21,20921.693359,832.075073,20089.619141,32
batch,2,22,13944.386719,794.870361,13149.516602,32
batch,2,23,19972.386719,766.513977,19205.873047,32
batch,2,24,15481.829102,823.532288,14658.296875,32
batch,2,25,15252.190430,641.061584,14611.128906,32
batch,2,26,14148.082031,1214.097900,12933.984375,28
epoch,2,0,22522.531250,895.047241,21627.486328,828
batch,3,1,7673.380371,631.315979,7042.064453,32
batch,3,2,10643.383789,1208.188110,9435.195312,32
batch,3,3,12305.523438,867.665527,11437.857422,32
batch,3,4,9084.887695,485.054321,8599.833008,32
batch,3,5,10654.559570,881.325500,9773.234375,32
batch,3,6,13538.311523,959.332214,12578.979492,32
batch,3,7,9881.654297,716.991821,9164.662109,32
batch,3,8,10268.164062,1058.250732,9209.913086,32
batch,3,9,13627.760742,872.153442,12755.607422,32
batch,3,10,12216.321289,957.000671,11259.320312,32
batch,3,11,11203.649414,944.056091,10259.593750,32
batch,3,12,15674.274414,968.816162,14705.458008,32
batch,3,13,9965.797852,632.538696,9333.258789,32
batch,3,14,8746.288086,906.752380,7839.535645,32
batch,3,15,10651.560547,1016.582031,9634.978516,32
batch,3,16,13804.027344,854.594849,12949.432617,32
batch,3,17,7574.187988,828.898743,6745.289062,32
batch,3,18,10101.004883,918.072388,9182.932617,32
batch,3,19,12906.419922,827.116943,12079.302734,32
batch,3,20,10449.839844,604.212341,9845.627930,32
batch,3,21,8805.855469,1026.739502,7779.116211,32
batch,3,22,11917.260742,976.625244,10940.635742,32
batch,3,23,17602.537109,904.033447,16698.503906,32
batch,3,24,9955.322266,958.565674,8996.756836,32
batch,3,25,11485.618164,807.059570,10678.558594,32
batch,3,26,16148.175781,1087.878906,15060.296875,32
batch,3,27,40453.109375,4.214474,40448.894531,1
epoch,3,0,12494.032227,848.297607,11645.735352,833
batch,0,1,5.267732,1.120825,4.146906,32
batch,0,2,5.134258,0.998305,4.135953,32
batch,0,3,5.019108,0.890479,4.128630,32
batch,0,4,4.829782,0.733324,4.096458,2
epoch,0,0,5.062720,0.935733,4.126987,98
batch,1,1,4.704895,0.596670,4.108224,32
batch,1,2,4.613901,0.531906,4.081995,32
batch,1,3,4.527870,0.466803,4.061068,32
batch,1,4,4.140707,0.163274,3.977433,2
epoch,1,0,4.496843,0.439663,4.057180,98
batch,2,1,4.521375,0.509662,4.011713,32
batch,2,2,4.067467,0.139573,3.927894,32
batch,2,3,4.445258,0.549425,3.895833,32
batch,2,4,3.758997,0.008323,3.750674,32
batch,2,5,4.046067,0.241040,3.805027,32
batch,2,6,4.444793,0.848831,3.595963,32
batch,2,7,3.512362,0.000342,3.512021,32
batch,2,8,3.369682,0.000065,3.369617,32
batch,2,9,3.933041,0.497603,3.435438,32
batch,2,10,3.468482,0.249506,3.218976,32
batch,2,11,3.614474,0.249854,3.364619,32
batch,2,12,3.197341,0.000000,3.197341,23
epoch,2,0,3.864945,0.274519,3.590426,375
batch,3,1,4.113372,0.624721,3.488651,32
batch,3,2,3.358716,0.124970,3.233747,32
batch,3,3,4.026276,0.624787,3.401488,32
batch,3,4,2.944003,0.000000,2.944002,32
batch,3,5,3.756778,0.249839,3.506939,32
batch,3,6,3.936363,0.874548,3.061815,32
batch,3,7,3.088068,0.000001,3.088066,32
batch,3,8,3.112472,0.000005,3.112467,32
batch,3,9,3.806310,0.498914,3.307396,32
batch,3,10,3.393678,0.249438,3.144240,32
batch,3,11,3.511308,0.249301,3.262007,32
batch,3,12,3.131063,0.000008,3.131055,23
epoch,3,0,3.514867,0.291378,3.223490,375
batch,0,1,5.165625,1.009436,4.156188,5
epoch,0,0,5.165625,1.009436,4.156188,5
batch,1,1,5.117799,0.970364,4.147435,5
epoch,1,0,5.117799,0.970364,4.147435,5
batch,2,1,5.096738,0.966588,4.130150,3
epoch,2,0,5.096738,0.966588,4.130150,3
batch,3,1,5.047577,0.930441,4.117136,3
epoch,3,0,5.047577,0.930441,4.117136,3
batch,0,1,5.146062,0.972415,4.173647,3
epoch,0,0,5.146062,0.972415,4.173647,3
batch,1,1,5.077181,0.917099,4.160082,3
epoch,1,0,5.077181,0.917099,4.160082,3
batch,2,1,5.134512,0.973937,4.160575,2
epoch,2,0,5.134512,0.973937,4.160575,2
batch,3,1,5.132234,0.979971,4.152263,2
epoch,3,0,5.132234,0.979971,4.152263,2
batch,4,1,4.993731,0.863604,4.130127,3
epoch,4,0,4.993731,0.863604,4.130127,3
batch,5,1,4.939508,0.824920,4.114588,3
epoch,5,0,4.939508,0.824920,4.114588,3
batch,6,1,4.996963,0.876964,4.119998,3
epoch,6,0,4.996963,0.876964,4.119998,3
batch,7,1,4.900211,0.810289,4.089922,3
epoch,7,0,4.900211,0.810289,4.089922,3
batch,8,1,4.922963,0.845379,4.077585,3
epoch,8,0,4.922963,0.845379,4.077585,3
batch,9,1,4.822526,0.774687,4.047839,3
epoch,9,0,4.822526,0.774687,4.047839,3
batch,10,1,4.746457,0.718306,4.028151,3
epoch,10,0,4.746457,0.718306,4.028151,3
batch,11,1,4.721560,0.712045,4.009514,3
epoch,11,0,4.721560,0.712045,4.009514,3
batch,0,1,5.175109,1.015377,4.159732,32
batch,0,2,5.149187,1.002924,4.146264,32
batch,0,3,5.097776,0.965001,4.132775,32
batch,0,4,5.060540,0.938422,4.122118,32
batch,0,5,4.999338,0.899304,4.100035,32
batch,0,6,4.941957,0.848527,4.093430,32
batch,0,7,4.892220,0.836851,4.055368,6
epoch,0,0,5.045161,0.929487,4.115674,198
batch,1,1,4.978632,0.935589,4.043043,32
batch,1,2,4.754813,0.753572,4.001242,32
batch,1,3,4.599729,0.654849,3.944880,32
batch,1,4,4.503492,0.599632,3.903861,32
batch,1,5,4.360431,0.552144,3.808287,32
batch,1,6,4.192132,0.408514,3.783617,32
batch,1,7,3.863237,0.295411,3.567825,6
epoch,1,0,4.464638,0.599959,3.864679,198
batch,2,1,3.955019,0.271324,3.683696,32
batch,2,2,3.908596,0.331762,3.576833,32
batch,2,3,3.979918,0.478856,3.501062,32
batch,2,4,3.712728,0.354728,3.358001,32
batch,2,5,3.533075,0.243953,3.289122,32
batch,2,6,3.266490,0.042096,3.224395,32
batch,2,7,4.412101,0.960087,3.452014,32
batch,2,8,3.752975,0.461907,3.291068,32
batch,2,9,3.332468,0.017973,3.314494,32
batch,2,10,3.794044,0.330524,3.463520,32
batch,2,11,3.641440,0.561618,3.079823,32
batch,2,12,3.415353,0.272140,3.143213,32
batch,2,13,3.545943,0.239885,3.306058,32
batch,2,14,3.243096,0.041916,3.201180,32
batch,2,15,3.968407,0.687622,3.280785,32
batch,2,16,3.312374,0.242067,3.070307,32
batch,2,17,3.050926,0.009196,3.041730,32
batch,2,18,3.492512,0.422913,3.069599,32
batch,2,19,3.411263,0.361440,3.049823,32
batch,2,20,3.572990,0.475448,3.097542,32
batch,2,21,3.320542,0.242690,3.077853,32
batch,2,22,3.625791,0.476380,3.149411,32
batch,2,23,3.027893,0.118246,2.909647,32
batch,2,24,3.603328,0.601857,3.001471,32
batch,2,25,2.979669,0.001669,2.977999,32
batch,2,26,3.085855,0.243532,2.842323,32
batch,2,27,2.889350,0.001576,2.887774,32
batch,2,28,3.071919,0.125409,2.946511,32
batch,2,29,3.207042,0.123832,3.083210,32
batch,2,30,3.078710,0.001456,3.077255,32
batch,2,31,2.928608,0.001458,2.927150,32
batch,2,32,3.321949,0.242126,3.079823,32
batch,2,33,3.146159,0.244897,2.901262,32
batch,2,34,3.102410,0.001233,3.101177,32
batch,2,35,3.104734,0.001734,3.102999,32
batch,2,36,2.678085,0.001794,2.676292,32
batch,2,37,2.941415,0.001579,2.939836,32
batch,2,38,3.227365,0.243445,2.983921,32
batch,2,39,2.880280,0.002066,2.878214,32
batch,2,40,3.022271,0.002327,3.019943,32
batch,2,41,2.929852,0.002577,2.927275,32
batch,2,42,3.777444,0.598266,3.179179,32
batch,2,43,2.955504,0.001931,2.953573,32
batch,2,44,4.049588,0.848183,3.201405,32
batch,2,45,3.713722,0.470624,3.243099,32
batch,2,46,3.084783,0.356182,2.728601,32
batch,2,47,3.288566,0.240588,3.047978,32
batch,2,48,3.786809,0.594829,3.191980,32
batch,2,49,3.009340,0.005375,3.003965,25
epoch,2,0,3.370218,0.257251,3.112967,1561
batch,3,1,2.968951,0.010746,2.958205,32
batch,3,2,3.161483,0.230276,2.931207,32
batch,3,3,3.407919,0.469955,2.937964,32
batch,3,4,3.246500,0.347815,2.898686,32
batch,3,5,3.110569,0.229484,2.881085,32
batch,3,6,2.960767,0.015416,2.945350,32
batch,3,7,4.058573,0.981517,3.077056,32
batch,3,8,3.318446,0.454436,2.864010,32
batch,3,9,2.858263,0.029463,2.828800,32
batch,3,10,3.296790,0.274476,3.022314,32
batch,3,11,3.246317,0.498001,2.748316,32
batch,3,12,3.057469,0.260117,2.797353,32
batch,3,13,3.275761,0.242052,3.033709,32
batch,3,14,3.070065,0.058358,3.011708,32
batch,3,15,3.648355,0.600845,3.047510,32
batch,3,16,2.967657,0.223044,2.744614,32
batch,3,17,2.826204,0.033073,2.793131,32
batch,3,18,3.211332,0.437187,2.774145,32
batch,3,19,3.133426,0.350245,2.783181,32
batch,3,20,3.245411,0.424284,2.821127,32
batch,3,21,3.069715,0.232236,2.837479,32
batch,3,22,3.368876,0.427184,2.941692,32
batch,3,23,2.824639,0.147898,2.676741,32
batch,3,24,3.317680,0.529409,2.788271,32
batch,3,25,2.841654,0.054893,2.786761,32
batch,3,26,2.871144,0.243511,2.627633,32
batch,3,27,2.691273,0.036055,2.655218,32
batch,3,28,2.860597,0.138029,2.722568,32
batch,3,29,2.981847,0.134112,2.847735,32
batch,3,30,2.926133,0.029607,2.896527,32
batch,3,31,2.773759,0.019238,2.754521,32
batch,3,32,3.118509,0.251586,2.866923,32
batch,3,33,2.951765,0.218456,2.733310,32
batch,3,34,2.959439,0.017808,2.941631,32
batch,3,35,2.933391,0.019207,2.914184,32
batch,3,36,2.490772,0.015128,2.475644,32
batch,3,37,2.764418,0.014462,2.749957,32
batch,3,38,3.110562,0.239478,2.871084,32
batch,3,39,2.688171,0.013810,2.674361,32
batch,3,40,2.857095,0.016619,2.840477,32
batch,3,41,2.778891,0.011455,2.767436,32
batch,3,42,3.586958,0.567724,3.019234,32
batch,3,43,2.767173,0.009275,2.757898,32
batch,3,44,3.847762,0.826566,3.021196,32
batch,3,45,3.546755,0.472474,3.074281,32
batch,3,46,2.887371,0.346138,2.541234,32
batch,3,47,3.117736,0.230337,2.887399,32
batch,3,48,3.600860,0.586126,3.014734,32
batch,3,49,2.831322,0.011498,2.819824,25
epoch,3,0,3.090542,0.245533,2.845008,1561
